timestamp,artist,title
2026-08-15T14:57:26,Robag Wruhme,Ratibor Numida (Original Mix)
2026-08-15T14:58:34,Lucio Aqulina,Magic M (Massi DL version)
2026-08-15T15:10:13,Martinez,Momomowha
2026-08-15T15:17:00,Marco Carola,Dancing Days
2026-08-15T15:21:28,,Alex Kenji - A lot of
2026-08-15T15:24:08,Gel Abril,Very Wrong (Chaim Remix)
2026-08-15T15:28:12,Elektrochemie,Mucky Star
2026-08-15T15:36:52,Heartthrob vs. Troy Pierce,Horse Nation Amended
2026-08-15T15:37:33,TG aka Tim Green,Mr Dry (Dachshund Bottomless Remix)
2026-08-15T15:41:10,Kleinschmager Audio,A1 Audio1 Marek Bois Remix
2026-08-15T15:45:20,Salmon,B1 - Mink (Heartthrob Remix)
2026-08-15T15:46:03,Workidz,Washmachine (Original Mix)
2026-08-15T15:46:11,Guido Schneider,Super Sander
2026-08-15T15:46:51,Chaton,Catch The Beat (Original Mix)
2026-08-15T15:51:11,Davide Squillace,Miss Giggler (Darko Esser Remix)
2026-08-15T15:56:35,Spencer Parker & Diesel pres Co.Lab,Zanzibar (Nick Curly Mix)
2026-08-15T16:00:32,Paco Osuna,Amore (Original Mix Digital Exclusive)
2026-08-15T16:05:46,Bukaddor & Fishbeck,Campus
2026-08-15T16:10:22,Ulysse,Sometimes
2026-08-15T16:17:14,Federico Grazzini,Tokyo (Original Mix)
2026-08-15T16:20:58,"Christian Smith, Reset Robot",Elixir (Gary Beck Remix)
2026-08-15T16:27:08,"Michele Menini, Viani, Terri B!",The Revolution (feat. Terri B!) (Original Mix)
2026-08-15T16:31:27,Rainer Weichhold,Yeah (Kaiserdisco Remix)
2026-08-15T16:32:14,Ilario Alicante,Vacaciones En Chile (Original Mix)
2026-08-15T16:37:01,SIS,Nu Wim De Wa (Original Mix)
2026-08-15T16:38:17,Swayzak,Smile and Receive (Cassy Beatmix)
2026-08-15T16:38:27,Barem,Nylon (Pheek Rmx)
2026-08-15T16:38:54,Akiko Kiyama,Nicked Al Final Del Tune (Marc Ashken Remix)
2026-08-15T16:44:18,,Arnaud Le Texier - Wild Quiche (Shinedoe Remix)
2026-08-15T16:47:01,"Matthias Tanzmann, The Deepshakerz",Lift Me Up  (Extended Version)
2026-08-15T16:52:32,Par Grindvik,Continue Me
2026-08-15T17:06:11,Argy,1985 (Sydenham & Rune Remix)
